{"rpo.redstonetweaks": "Redstone Tweaks", "rpo.redstonetweaks.extra": "Extra", "rpo.redstonetweaks.extra.tooltip": "Advanced options & features", "rpo.redstonetweaks.extra.droppers_triggered": "Dropper & Dispenser:\u00a77 Power indicators", "rpo.redstonetweaks.extra.droppers_triggered.tooltip": "Show triggered", "rpo.redstonetweaks.extra.hide_map_icons": "Map:\u00a77 Hide icons", "rpo.redstonetweaks.extra.hide_map_icons.tooltip": "Useful for map displays", "rpo.redstonetweaks.extra.hopper_locked": "Hopper:\u00a77 Power indicators", "rpo.redstonetweaks.extra.hopper_locked.tooltip": "Show locked", "rpo.redstonetweaks.extra.leaves_persistent_only": "Leaves:\u00a77 Only show persistent distance", "rpo.redstonetweaks.extra.leaves_persistent_only.tooltip": "Only show distance when persistent (placed by hand)", "rpo.redstonetweaks.extra.trapdoor_lamps": "Iron Trapdoor:\u00a77 Replace with redstone lamp", "rpo.redstonetweaks.extra.trapdoor_lamps.tooltip": "Useful for animated redstone displays", "rpo.redstonetweaks.outlines": "Outlines", "rpo.redstonetweaks.outlines.concrete": "Concrete", "rpo.redstonetweaks.outlines.powder": "Concrete Powder", "rpo.redstonetweaks.outlines.terracotta": "Terracotta", "rpo.redstonetweaks.outlines.tooltip": "Choose which block outlines to show", "rpo.redstonetweaks.outlines.wool": "Wool", "rpo.redstonetweaks.preset.computational": "Computational", "rpo.redstonetweaks.preset.essentials": "Essentials", "rpo.redstonetweaks.preset.maximum": "Maximum", "rpo.redstonetweaks.preset.standard": "Standard", "rpo.redstonetweaks.redstone": "Redstone", "rpo.redstonetweaks.redstone.tooltip": "Toggle primary features", "rpo.redstonetweaks.redstone.bees": "Bee Nest & Hive", "rpo.redstonetweaks.redstone.bees.tooltip": "Show comparator output", "rpo.redstonetweaks.redstone.bell": "Bell", "rpo.redstonetweaks.redstone.bell.tooltip": "Show powered", "rpo.redstonetweaks.redstone.blast_furnace": "Blast Furnace", "rpo.redstonetweaks.redstone.blast_furnace.tooltip": "Show lit", "rpo.redstonetweaks.redstone.cake": "Cake", "rpo.redstonetweaks.redstone.cake.tooltip": "Show comparator output", "rpo.redstonetweaks.redstone.calibrated_sculk_sensor": "Calibrated Sculk Sensor", "rpo.redstonetweaks.redstone.calibrated_sculk_sensor.tooltip": "Show signal strength & cooldown", "rpo.redstonetweaks.redstone.cauldrons": "Cauldron", "rpo.redstonetweaks.redstone.cauldrons.tooltip": "Show comparator output", "rpo.redstonetweaks.redstone.comparator": "Redstone Comparator", "rpo.redstonetweaks.redstone.comparator.tooltip": "Show mode & bottom texture", "rpo.redstonetweaks.redstone.composter": "Composter", "rpo.redstonetweaks.redstone.composter.tooltip": "Show comparator output", "rpo.redstonetweaks.redstone.crafter": "Crafter", "rpo.redstonetweaks.redstone.crafter.tooltip": "Show triggered & crafting", "rpo.redstonetweaks.redstone.daylight_detector": "Daylight Detector", "rpo.redstonetweaks.redstone.daylight_detector.tooltip": "Show signal strength", "rpo.redstonetweaks.redstone.detector_rail": "Detector Rail", "rpo.redstonetweaks.redstone.detector_rail.tooltip": "Show powered", "rpo.redstonetweaks.redstone.droppers": "Dropper & Dispenser", "rpo.redstonetweaks.redstone.droppers.tooltip": "Show triggered & direction", "rpo.redstonetweaks.redstone.furnace": "Furnace", "rpo.redstonetweaks.redstone.furnace.tooltip": "Show lit", "rpo.redstonetweaks.redstone.hopper": "Hopper", "rpo.redstonetweaks.redstone.hopper.tooltip": "Show locked & direction", "rpo.redstonetweaks.redstone.iron_door": "Iron Door", "rpo.redstonetweaks.redstone.iron_door.tooltip": "Show powered", "rpo.redstonetweaks.redstone.jukebox": "Jukebox", "rpo.redstonetweaks.redstone.jukebox.tooltip": "Show playing", "rpo.redstonetweaks.redstone.leaves": "Leaves", "rpo.redstonetweaks.redstone.leaves.tooltip": "Show distance from log", "rpo.redstonetweaks.redstone.lectern": "Lectern", "rpo.redstonetweaks.redstone.lectern.tooltip": "Show powered", "rpo.redstonetweaks.redstone.lever": "Lever", "rpo.redstonetweaks.redstone.lever.tooltip": "Show powered & back texture", "rpo.redstonetweaks.redstone.note_block": "Note Block", "rpo.redstonetweaks.redstone.note_block.tooltip": "Show powered, note & instrument", "rpo.redstonetweaks.redstone.observer": "Observer", "rpo.redstonetweaks.redstone.observer.tooltip": "Show direction & powered", "rpo.redstonetweaks.redstone.ore": "Redstone Ore", "rpo.redstonetweaks.redstone.ore.tooltip": "Show lit", "rpo.redstonetweaks.redstone.pistons": "Pistons", "rpo.redstonetweaks.redstone.pistons.tooltip": "Show powered & sticky", "rpo.redstonetweaks.redstone.plates": "Weighted Pressure Plates", "rpo.redstonetweaks.redstone.plates.tooltip": "Show signal strength", "rpo.redstonetweaks.redstone.redstone_lamp": "Redstone Lamp", "rpo.redstonetweaks.redstone.redstone_lamp.tooltip": "Full square texture", "rpo.redstonetweaks.redstone.redstone_wire": "Redstone Dust", "rpo.redstonetweaks.redstone.redstone_wire.tooltip": "Show signal strength", "rpo.redstonetweaks.redstone.repeater": "Redstone Repeater", "rpo.redstonetweaks.redstone.repeater.tooltip": "Show delay & bottom texture", "rpo.redstonetweaks.redstone.respawn_anchor": "Respawn Anchor", "rpo.redstonetweaks.redstone.respawn_anchor.tooltip": "Show comparator output", "rpo.redstonetweaks.redstone.scaffolding": "Scaffolding", "rpo.redstonetweaks.redstone.scaffolding.tooltip": "Show distance", "rpo.redstonetweaks.redstone.sculk_sensor": "Sculk Sensor", "rpo.redstonetweaks.redstone.sculk_sensor.tooltip": "Show signal strength & cooldown", "rpo.redstonetweaks.redstone.smoker": "Smoker", "rpo.redstonetweaks.redstone.smoker.tooltip": "Show lit", "rpo.redstonetweaks.redstone.target": "Target", "rpo.redstonetweaks.redstone.target.tooltip": "Show signal strength", "rpo.redstonetweaks.redstone.trapped_chest": "Trapped Chest", "rpo.redstonetweaks.redstone.trapped_chest.tooltip": "Show trapped", "rpo.redstonetweaks.redstone.tripwire": "Tripwire", "rpo.redstonetweaks.redstone.tripwire.tooltip": "Show triggered & connected", "rpo.redstonetweaks.redstone.tripwire_hook": "Tripwire Hook", "rpo.redstonetweaks.redstone.tripwire_hook.tooltip": "Show triggered & connected", "rpo.redstonetweaks.style": "Style", "rpo.redstonetweaks.style.tooltip": "Modify textures for active features", "rpo.redstonetweaks.style.bees_show_0": "Bee Nest & Hive:\u00a77 Show comparator output 0", "rpo.redstonetweaks.style.cake_show_14": "Cake:\u00a77 Show comparator output 14", "rpo.redstonetweaks.style.cauldron": "Cauldron:\u00a77 Number style", "rpo.redstonetweaks.style.cauldron.animated": "Animated", "rpo.redstonetweaks.style.cauldron.dark": "Dark", "rpo.redstonetweaks.style.cauldron.static": "Static", "rpo.redstonetweaks.style.cauldron_show_0": "Cauldron:\u00a77 Show comparator output 0", "rpo.redstonetweaks.style.comparator": "Redstone Comparator:\u00a77 Mode symbol color when powered", "rpo.redstonetweaks.style.comparator.red": "Red", "rpo.redstonetweaks.style.comparator.white": "White", "rpo.redstonetweaks.style.composter": "Composter: \u00a77 Number style", "rpo.redstonetweaks.style.composter.dark": "Dark", "rpo.redstonetweaks.style.composter.light": "Light", "rpo.redstonetweaks.style.composter_show_0": "Composter:\u00a77 Show comparator output 0", "rpo.redstonetweaks.style.droppers_indicator": "Dropper & Dispenser:\u00a77 Back power indicator", "rpo.redstonetweaks.style.droppers_indicator.centered": "Centered", "rpo.redstonetweaks.style.droppers_indicator.raised": "Raised", "rpo.redstonetweaks.style.leaves_show_7": "Leaves:\u00a77 Show distance 7", "rpo.redstonetweaks.style.note_block_instrument": "Note Block:\u00a77 Show instrument", "rpo.redstonetweaks.style.note_block_note": "Note Block:\u00a77 Show note", "rpo.redstonetweaks.style.note_block_power": "Note Block:\u00a77 Power indicator", "rpo.redstonetweaks.style.note_block_power.glow": "Glow", "rpo.redstonetweaks.style.note_block_power.none": "None", "rpo.redstonetweaks.style.note_block_power.small": "Small", "rpo.redstonetweaks.style.observer_face": "Observer:\u00a77 Face", "rpo.redstonetweaks.style.observer_face.eyebrow": "Eyebrow", "rpo.redstonetweaks.style.observer_face.glasses": "Glasses", "rpo.redstonetweaks.style.observer_face.hmmmm": "Hmmmm", "rpo.redstonetweaks.style.observer_face.normal": "Normal", "rpo.redstonetweaks.style.observer_face.owobserver": "owobserver", "rpo.redstonetweaks.style.observer_face.pogserver": "Pogserver", "rpo.redstonetweaks.style.observer_face.rage": "Rage", "rpo.redstonetweaks.style.observer_face.scream": "Scream", "rpo.redstonetweaks.style.observer_face.think": "Think", "rpo.redstonetweaks.style.pistons_differentiate_sticky": "Pistons:\u00a77 Differentiate regular and sticky back", "rpo.redstonetweaks.style.pistons_indicator": "Pistons:\u00a77 Back power indicator", "rpo.redstonetweaks.style.pistons_indicator.corner": "Corner", "rpo.redstonetweaks.style.pistons_indicator.dark": "Dark", "rpo.redstonetweaks.style.pistons_indicator.metallic": "Metallic", "rpo.redstonetweaks.style.pistons_indicator.none": "None", "rpo.redstonetweaks.style.plates_show_0": "Weighted Pressure Plates:\u00a77 Show signal strength 0", "rpo.redstonetweaks.style.redstone_wire": "Redstone Dust:\u00a77 Wire style", "rpo.redstonetweaks.style.redstone_wire.clean": "Clean", "rpo.redstonetweaks.style.redstone_wire.vanilla": "Vanilla", "rpo.redstonetweaks.style.redstone_wire_numbers": "Redstone Dust:\u00a77 Signal strength numbers", "rpo.redstonetweaks.style.redstone_wire_numbers.hidden": "Hidden", "rpo.redstonetweaks.style.redstone_wire_numbers.show_1_15": "Only powered", "rpo.redstonetweaks.style.redstone_wire_numbers.show_all": "Show all", "rpo.redstonetweaks.style.repeater": "Redstone Repeater:\u00a77 Delay symbol color when powered", "rpo.redstonetweaks.style.repeater.red": "Red", "rpo.redstonetweaks.style.repeater.white": "White", "rpo.redstonetweaks.style.respawn_anchor_show_0": "Respawn Anchor:\u00a77 Show comparator output 0", "rpo.redstonetweaks.style.scaffolding_show_0": "Scaffolding:\u00a77 Show distance 0", "rpo.redstonetweaks.style.sculk_sensors_show_0": "Sculk Sensors:\u00a77 Show signal strength 0", "rpo.redstonetweaks.style.target_show_0": "Target:\u00a77 Show signal strength 0", "rpo.redstonetweaks.tooltips": "Tooltips", "rpo.redstonetweaks.tooltips.tooltip": "Show guides & tooltips", "rpo.redstonetweaks.tooltips.activation_duration": "Activation duration tooltips", "rpo.redstonetweaks.tooltips.activation_duration.tooltip": "Show activation duration for various (input) items", "rpo.redstonetweaks.tooltips.discs": "Music Discs:\u00a77 Comparator output & duration", "rpo.redstonetweaks.tooltips.jukebox": "Jukebox:\u00a77 Comparator output guide", "rpo.redstonetweaks.tooltips.sculk_sensors": "Sculk Sensors:\u00a77 Frequency guide", "rpo.redstonetweaks.tooltips.ss_barrel": "  \u2937 Barrel", "rpo.redstonetweaks.tooltips.ss_brewing": "  \u2937 Brewing Stand", "rpo.redstonetweaks.tooltips.ss_chests": "  \u2937 Chest & Double Chest", "rpo.redstonetweaks.tooltips.ss_chest_minecart": "  \u2937 Chest Minecart", "rpo.redstonetweaks.tooltips.ss_decorated_pot": "  \u2937 Decorated Pot", "rpo.redstonetweaks.tooltips.ss_droppers": "  \u2937 Dropper & Dispenser", "rpo.redstonetweaks.tooltips.ss_furnaces": "  \u2937 Furnace, Blast Furnace & Smoker", "rpo.redstonetweaks.tooltips.ss_hopper": "  \u2937 Hopper", "rpo.redstonetweaks.tooltips.ss_hopper_minecart": "  \u2937 Hopper Minecart", "rpo.redstonetweaks.tooltips.ss_override": "Comparator output charts \u00a7noverride", "rpo.redstonetweaks.tooltips.ss_override.all": "\u00a7a\u00a7lAll", "rpo.redstonetweaks.tooltips.ss_override.none": "\u00a7c\u00a7lNone", "rpo.redstonetweaks.tooltips.ss_override.select": "Selection", "rpo.redstonetweaks.tooltips.ss_shulker": "  \u2937 Shulker Box", "${activation_duration}block.minecraft.acacia_button": "uo\u0287\u0287n\u15fa \u0250\u1d09\u0254\u0250\u0254\u2c6f \ue102\u22651.5s", "${activation_duration}block.minecraft.bamboo_button": "uo\u0287\u0287n\u15fa ooq\u026f\u0250\u15fa \ue102\u22651.5s", "${activation_duration}block.minecraft.birch_button": "uo\u0287\u0287n\u15fa \u0265\u0254\u0279\u1d09\u15fa \ue102\u22651.5s", "${activation_duration}block.minecraft.cherry_button": "uo\u0287\u0287n\u15fa \u028e\u0279\u0279\u01dd\u0265\u0186 \ue102\u22651.5s", "${activation_duration}block.minecraft.crimson_button": "uo\u0287\u0287n\u15fa uos\u026f\u1d09\u0279\u0186 \ue102\u22651.5s", "${activation_duration}block.minecraft.dark_oak_button": "uo\u0287\u0287n\u15fa \u029e\u0250O \u029e\u0279\u0250\u15e1 \ue102\u22651.5s", "${activation_duration}block.minecraft.jungle_button": "uo\u0287\u0287n\u15fa \u01dd\ua781\u1d77un\u0550 \ue102\u22651.5s", "${activation_duration}block.minecraft.mangrove_button": "uo\u0287\u0287n\u15fa \u01dd\u028co\u0279\u1d77u\u0250W \ue102\u22651.5s", "${activation_duration}block.minecraft.oak_button": "uo\u0287\u0287n\u15fa \u029e\u0250O \ue102\u22651.5s", "${activation_duration}block.minecraft.pale_oak_button": "uo\u0287\u0287n\u15fa \u029e\u0250O \u01dd\ua781\u0250\u0500 \ue102\u22651.5s", "${activation_duration}block.minecraft.polished_blackstone_button": "uo\u0287\u0287n\u15fa \u01dduo\u0287s\u029e\u0254\u0250\ua781\u15fa p\u01dd\u0265s\u1d09\ua781o\u0500 \ue1021s", "${activation_duration}block.minecraft.spruce_button": "uo\u0287\u0287n\u15fa \u01dd\u0254n\u0279dS \ue102\u22651.5s", "${activation_duration}block.minecraft.stone_button": "uo\u0287\u0287n\u15fa \u01dduo\u0287S \ue1021s", "${activation_duration}block.minecraft.warped_button": "uo\u0287\u0287n\u15fa p\u01ddd\u0279\u0250M \ue102\u22651.5s", "${activation_duration}block.minecraft.acacia_pressure_plate": "\u01dd\u0287\u0250\ua781\u0500 \u01dd\u0279nss\u01dd\u0279\u0500 \u0250\u1d09\u0254\u0250\u0254\u2c6f \ue102\u22651s", "${activation_duration}block.minecraft.bamboo_pressure_plate": "\u01dd\u0287\u0250\ua781\u0500 \u01dd\u0279nss\u01dd\u0279\u0500 ooq\u026f\u0250\u15fa \ue102\u22651s", "${activation_duration}block.minecraft.birch_pressure_plate": "\u01dd\u0287\u0250\ua781\u0500 \u01dd\u0279nss\u01dd\u0279\u0500 \u0265\u0254\u0279\u1d09\u15fa \ue102\u22651s", "${activation_duration}block.minecraft.cherry_pressure_plate": "\u01dd\u0287\u0250\ua781\u0500 \u01dd\u0279nss\u01dd\u0279\u0500 \u028e\u0279\u0279\u01dd\u0265\u0186 \ue102\u22651s", "${activation_duration}block.minecraft.crimson_pressure_plate": "\u01dd\u0287\u0250\ua781\u0500 \u01dd\u0279nss\u01dd\u0279\u0500 uos\u026f\u1d09\u0279\u0186 \ue102\u22651s", "${activation_duration}block.minecraft.dark_oak_pressure_plate": "\u01dd\u0287\u0250\ua781\u0500 \u01dd\u0279nss\u01dd\u0279\u0500 \u029e\u0250O \u029e\u0279\u0250\u15e1 \ue102\u22651s", "${activation_duration}block.minecraft.heavy_weighted_pressure_plate": "\u01dd\u0287\u0250\ua781\u0500 \u01dd\u0279nss\u01dd\u0279\u0500 p\u01dd\u0287\u0265\u1d77\u1d09\u01ddM \u028e\u028c\u0250\u01ddH \ue102\u22650.5s", "${activation_duration}block.minecraft.jungle_pressure_plate": "\u01dd\u0287\u0250\ua781\u0500 \u01dd\u0279nss\u01dd\u0279\u0500 \u01dd\ua781\u1d77un\u0550 \ue102\u22651s", "${activation_duration}block.minecraft.light_weighted_pressure_plate": "\u01dd\u0287\u0250\ua781\u0500 \u01dd\u0279nss\u01dd\u0279\u0500 p\u01dd\u0287\u0265\u1d77\u1d09\u01ddM \u0287\u0265\u1d77\u1d09\ua780 \ue102\u22650.5s", "${activation_duration}block.minecraft.mangrove_pressure_plate": "\u01dd\u0287\u0250\ua781\u0500 \u01dd\u0279nss\u01dd\u0279\u0500 \u01dd\u028co\u0279\u1d77u\u0250W \ue102\u22651s", "${activation_duration}block.minecraft.oak_pressure_plate": "\u01dd\u0287\u0250\ua781\u0500 \u01dd\u0279nss\u01dd\u0279\u0500 \u029e\u0250O \ue102\u22651s", "${activation_duration}block.minecraft.pale_oak_pressure_plate": "\u01dd\u0287\u0250\ua781\u0500 \u01dd\u0279nss\u01dd\u0279\u0500 \u029e\u0250O \u01dd\ua781\u0250\u0500 \ue102\u22651s", "${activation_duration}block.minecraft.polished_blackstone_pressure_plate": "\u01dd\u0287\u0250\ua781\u0500 \u01dd\u0279nss\u01dd\u0279\u0500 \u01dduo\u0287s\u029e\u0254\u0250\ua781\u15fa p\u01dd\u0265s\u1d09\ua781o\u0500 \ue102\u22651s", "${activation_duration}block.minecraft.spruce_pressure_plate": "\u01dd\u0287\u0250\ua781\u0500 \u01dd\u0279nss\u01dd\u0279\u0500 \u01dd\u0254n\u0279dS \ue102\u22651s", "${activation_duration}block.minecraft.stone_pressure_plate": "\u01dd\u0287\u0250\ua781\u0500 \u01dd\u0279nss\u01dd\u0279\u0500 \u01dduo\u0287S \ue102\u22651s", "${activation_duration}block.minecraft.warped_pressure_plate": "\u01dd\u0287\u0250\ua781\u0500 \u01dd\u0279nss\u01dd\u0279\u0500 p\u01ddd\u0279\u0250M \ue102\u22651s", "${sculk_both}block.minecraft.calibrated_sculk_sensor": "\uf7fc\u00a7f\ue014\uf780\uf7f0\uf7f8\uf7fc\uf7fe\u0279osu\u01ddS \u029e\ua781n\u0254S p\u01dd\u0287\u0250\u0279q\u1d09\ua781\u0250\u0186 \ue1020.5s", "${sculk_chart}block.minecraft.calibrated_sculk_sensor": "\uf7fc\u00a7f\ue014\uf780\uf7f0\uf7f8\uf7fc\uf7fe\u0279osu\u01ddS \u029e\ua781n\u0254S p\u01dd\u0287\u0250\u0279q\u1d09\ua781\u0250\u0186", "${sculk_duration}block.minecraft.calibrated_sculk_sensor": "\u0279osu\u01ddS \u029e\ua781n\u0254S p\u01dd\u0287\u0250\u0279q\u1d09\ua781\u0250\u0186 \ue1020.5s", "${ss_decorated_pot}block.minecraft.decorated_pot": "\uf7fc\u00a7f\ue015\uf780\uf7fc\uf7fe\uf7ff\u0287o\u0500 p\u01dd\u0287\u0250\u0279o\u0254\u01dd\u15e1", "${activation_duration}block.minecraft.detector_rail": "\ua781\u1d09\u0250\u1d1a \u0279o\u0287\u0254\u01dd\u0287\u01dd\u15e1 \ue102\u22651s", "${jukebox}block.minecraft.jukebox": "\uf7fc\u00a7f\ue013\uf7c0\uf7e0\uf7f0\uf7f8\uf7fc\uf7ffxoq\u01dd\u029en\u0550", "${activation_duration}block.minecraft.lectern": "u\u0279\u01dd\u0287\u0254\u01dd\ua780 \ue1020.1s", "${activation_duration}block.minecraft.lightning_rod": "po\u1d1a \u1d77u\u1d09u\u0287\u0265\u1d77\u1d09\ua780 \ue1020.4s", "${sculk_both}block.minecraft.sculk_sensor": "\uf7fc\u00a7f\ue014\uf780\uf7f0\uf7f8\uf7fc\uf7fe\u0279osu\u01ddS \u029e\ua781n\u0254S \ue1021.5s", "${sculk_chart}block.minecraft.sculk_sensor": "\uf7fc\u00a7f\ue014\uf780\uf7f0\uf7f8\uf7fc\uf7fe\u0279osu\u01ddS \u029e\ua781n\u0254S", "${sculk_duration}block.minecraft.sculk_sensor": "\u0279osu\u01ddS \u029e\ua781n\u0254S \ue1021.5s", "${activation_duration}block.minecraft.target": "\u0287\u01dd\u1d77\u0279\u0250\u27d8 \ue1020.4s,1s", "${activation_duration}block.minecraft.tripwire_hook": "\u029eooH \u01dd\u0279\u1d09\u028dd\u1d09\u0279\u27d8 \ue102\u22650.5s", "${ss_brewing}container.brewing": "\u00a7f\ue001\uf820\uf810\uf808\u00a7rpu\u0250\u0287S \u1d77u\u1d09\u028d\u01dd\u0279\u15fa\uf820\uf810\uf808\uf801\u00a7f\ue002\uf804\uf801", "${ss_barrel}container.barrel": "\ua781\u01dd\u0279\u0279\u0250\u15fa\uf880\uf808\uf802\uf801\u00a7f\ue010", "${ss_furnaces}container.blast_furnace": "\uf880\uf820\uf804\uf802\uf801\u01dd\u0254\u0250u\u0279n\u2132 \u0287s\u0250\ua781\u15fa\uf820\uf810\uf808\u00a7f\ue005", "${ss_chests}container.chest": "\u0287s\u01dd\u0265\u0186\uf880\uf810\u00a7f\ue009", "${ss_chests}container.chestDouble": "\u0287s\u01dd\u0265\u0186 \u01dd\u1d77\u0279\u0250\ua780\uf840\uf820\uf808\uf804\uf802\u00a7f\ue012", "${ss_droppers}container.dispenser": "\uf880\uf820\uf810\uf801\u0279\u01ddsu\u01ddds\u1d09\u15e1\uf840\uf802\uf801\u00a7f\ue008", "${ss_droppers}container.dropper": "\uf880\uf820\uf810\uf804\uf801\u0279\u01ddddo\u0279\u15e1\uf840\uf804\uf802\uf801\u00a7f\ue007", "${ss_furnaces}container.furnace": "\uf880\uf820\uf810\uf804\uf801\u01dd\u0254\u0250u\u0279n\u2132\uf840\uf804\uf802\uf801\u00a7f\ue003", "${ss_hopper}container.hopper": "\u0279\u01ddddoH \u026f\u01dd\u0287I\uf840\uf820\uf810\u00a7f\ue006", "${ss_shulker}container.shulkerBox": "xo\u15fa \u0279\u01dd\u029e\ua781n\u0265S\uf840\uf820\uf810\u00a7f\ue011", "${ss_furnaces}container.smoker": "\uf880\uf820\uf810\uf808\uf801\u0279\u01dd\u029eo\u026fS\uf840\uf808\uf802\u00a7f\ue004", "${ss_chest_minecart}entity.minecraft.chest_minecart": "\u0287s\u01dd\u0265\u0186 \u0265\u0287\u1d09\u028d \u0287\u0279\u0250\u0254\u01ddu\u1d09W\uf840\uf808\uf804\u00a7f\ue009", "${ss_hopper_minecart}entity.minecraft.hopper_minecart": "\u0279\u01ddddoH \u0265\u0287\u1d09\u028d \u0287\u0279\u0250\u0254\u01ddu\u1d09W\uf840\uf804\u00a7f\ue006", "${discs}jukebox_song.minecraft.11": "\u295d\u295d - 8\u295d\u07c8\u0186 \u00a7f\ue101\u00a7711 \u00a7f\ue102\u00a771:12.1", "${discs}jukebox_song.minecraft.13": "\u0190\u295d - 8\u295d\u07c8\u0186 \u00a7f\ue101\u00a771 \u00a7f\ue102\u00a772:59.1", "${discs}jukebox_song.minecraft.5": "\u03db - \u1d77\u0279\u01ddq\u2c6f \ua781\u01ddn\u026f\u0250S \u00a7f\ue101\u00a7715 \u00a7f\ue102\u00a772:59.1", "${discs}jukebox_song.minecraft.blocks": "s\u029e\u0254o\ua781q - 8\u295d\u07c8\u0186 \u00a7f\ue101\u00a773 \u00a7f\ue102\u00a775:46.1", "${discs}jukebox_song.minecraft.cat": "\u0287\u0250\u0254 - 8\u295d\u07c8\u0186 \u00a7f\ue101\u00a772 \u00a7f\ue102\u00a773:06.1", "${discs}jukebox_song.minecraft.chirp": "d\u0279\u1d09\u0265\u0254 - 8\u295d\u07c8\u0186 \u00a7f\ue101\u00a774 \u00a7f\ue102\u00a773:06.1", "${discs}jukebox_song.minecraft.creator_music_box": "(xo\u15fa \ua781\u0250\u0254\u1d09snW) \u0279o\u0287\u0250\u01dd\u0279\u0186 - \u01ddu\u1d09\u0250\u1d1a \u0250u\u01dd\ua780 \u00a7f\ue101\u00a7711 \u00a7f\ue102\u00a771:14.1", "${discs}jukebox_song.minecraft.creator": "\u0279o\u0287\u0250\u01dd\u0279\u0186 - \u01ddu\u1d09\u0250\u1d1a \u0250u\u01dd\ua780 \u00a7f\ue101\u00a7712 \u00a7f\ue102\u00a772:57.1", "${discs}jukebox_song.minecraft.far": "\u0279\u0250\u025f - 8\u295d\u07c8\u0186 \u00a7f\ue101\u00a775 \u00a7f\ue102\u00a772:55.1", "${discs}jukebox_song.minecraft.lava_chicken": "u\u01dd\u029e\u0254\u1d09\u0265\u0186 \u0250\u028c\u0250\ua780 - suo\u1d09\u0287o\u0500 \u0279\u01ddd\u028eH \u00a7f\ue101\u00a779 \u00a7f\ue102\u00a772:15.1", "${discs}jukebox_song.minecraft.mall": "\ua781\ua781\u0250\u026f - 8\u295d\u07c8\u0186 \u00a7f\ue101\u00a776 \u00a7f\ue102\u00a773:18.1", "${discs}jukebox_song.minecraft.mellohi": "\u1d09\u0265o\ua781\ua781\u01dd\u026f - 8\u295d\u07c8\u0186 \u00a7f\ue101\u00a777 \u00a7f\ue102\u00a771:37.1", "${discs}jukebox_song.minecraft.otherside": "\u01ddp\u1d09s\u0279\u01dd\u0265\u0287o - \u01ddu\u1d09\u0250\u1d1a \u0250u\u01dd\ua780 \u00a7f\ue101\u00a7714 \u00a7f\ue102\u00a773:16.1", "${discs}jukebox_song.minecraft.pigstep": "d\u01dd\u0287s\u1d77\u1d09\u0500 - \u01ddu\u1d09\u0250\u1d1a \u0250u\u01dd\ua780 \u00a7f\ue101\u00a7713 \u00a7f\ue102\u00a772:30.1", "${discs}jukebox_song.minecraft.precipice": "\u01dd\u0254\u1d09d\u1d09\u0254\u01dd\u0279\u0500 - \u025fo\u0279\u01dd\u0265\u0186 uo\u0279\u0250\u2c6f \u00a7f\ue101\u00a7713 \u00a7f\ue102\u00a775:00.1", "${discs}jukebox_song.minecraft.relic": "\u0254\u1d09\ua781\u01dd\u1d1a - \u025fo\u0279\u01dd\u0265\u0186 uo\u0279\u0250\u2c6f \u00a7f\ue101\u00a7714 \u00a7f\ue102\u00a773:39.1", "${discs}jukebox_song.minecraft.stal": "\ua781\u0250\u0287s - 8\u295d\u07c8\u0186 \u00a7f\ue101\u00a778 \u00a7f\ue102\u00a772:31.1", "${discs}jukebox_song.minecraft.strad": "p\u0250\u0279\u0287s - 8\u295d\u07c8\u0186 \u00a7f\ue101\u00a779 \u00a7f\ue102\u00a773:09.1", "${discs}jukebox_song.minecraft.tears": "s\u0279\u0250\u01dd\u27d8 - \u028eppo\u1d1a so\u026f\u2c6f \u00a7f\ue101\u00a7710 \u00a7f\ue102\u00a772:56.1", "${discs}jukebox_song.minecraft.wait": "\u0287\u1d09\u0250\u028d - 8\u295d\u07c8\u0186 \u00a7f\ue101\u00a7712 \u00a7f\ue102\u00a773:59.1", "${discs}jukebox_song.minecraft.ward": "p\u0279\u0250\u028d - 8\u295d\u07c8\u0186 \u00a7f\ue101\u00a7710 \u00a7f\ue102\u00a774:12.1"}